filename,elbow_k,elbow_inertia,nmi,elbow_time,iteration
adult_tx,52,670.2033,0.08464641879418067,23.054580211639404,1
adult_tx,92,563.86395,0.0769245544595971,26.551212549209595,2
adult_tx,92,568.4373,0.07596646191804565,26.210411548614502,3
adult_tx,92,550.89923,0.07649810203695165,24.354626417160034,4
adult_tx,92,543.865,0.07608140651760938,23.838186264038086,5
adult_tx,56,655.60205,0.08143745304888315,24.768718481063843,6
adult_tx,52,717.6268,0.08365177063069795,24.696685791015625,7
adult_tx,56,661.54364,0.08205943607539033,24.307785749435425,8
adult_tx,92,566.9876,0.07675173320501143,23.631597995758057,9
adult_tx,92,537.0772,0.07571067469765735,24.92564105987549,10
adult_tx,56,669.6952,0.0813255550709504,24.505701303482056,11
adult_tx,92,531.46423,0.07662015637723033,25.70019221305847,12
adult_tx,92,525.03796,0.07643095944216047,22.52595543861389,13
adult_tx,52,660.6067,0.08402540411169865,23.438104391098022,14
adult_tx,92,535.86304,0.07515966587477448,24.506815671920776,15
adult_tx,92,560.1909,0.0762717220577255,24.311304569244385,16
adult_tx,92,535.8026,0.07669588503761543,24.22846007347107,17
adult_tx,92,509.67212,0.07764607303003362,23.299148321151733,18
adult_tx,52,645.49036,0.08518699353450504,24.36322808265686,19
adult_tx,92,522.02246,0.07601308327895587,24.789665460586548,20
P50.O0_tx,36,3091.8452,0.688347965494599,35.518068075180054,1
P50.O0_tx,36,3090.7332,0.6865911485854767,40.90109586715698,2
P50.O0_tx,36,3095.5933,0.6872689623146065,42.62767171859741,3
P50.O0_tx,36,3094.1272,0.6888740807747402,38.1139919757843,4
P50.O0_tx,36,3097.637,0.6874017408391478,38.58487820625305,5
P50.O0_tx,36,3097.6953,0.689798001129415,37.56766676902771,6
P50.O0_tx,36,3109.457,0.6883989881269237,36.640005111694336,7
P50.O0_tx,36,3099.76,0.6878017575568456,39.374866247177124,8
P50.O0_tx,36,3099.3054,0.6883996269348731,36.19704556465149,9
P50.O0_tx,36,3098.5598,0.6882583618217157,39.456523180007935,10
P50.O0_tx,36,3093.3235,0.6871402770471199,39.15789842605591,11
P50.O0_tx,36,3111.2717,0.6889106734783129,36.99507117271423,12
P50.O0_tx,36,3107.6228,0.6884458260586116,37.790735483169556,13
P50.O0_tx,36,3091.095,0.6869357707176784,36.86828684806824,14
P50.O0_tx,36,3109.125,0.6891883137010147,37.44716119766235,15
P50.O0_tx,36,3119.4292,0.6871102267003847,39.18498349189758,16
P50.O0_tx,36,3121.4397,0.6866148718182642,36.914464712142944,17
P50.O0_tx,36,3096.0732,0.6870573549107787,37.33127307891846,18
P50.O0_tx,36,3118.53,0.6879331434964773,36.906696796417236,19
P50.O0_tx,36,3125.4004,0.6907918390667273,38.31126260757446,20
letrecog_tx,96,486.14978,0.3023444795136589,8.315652132034302,1
letrecog_tx,96,515.45056,0.30112253051526827,8.352428674697876,2
letrecog_tx,96,476.13162,0.2990795041415358,8.229914903640747,3
letrecog_tx,96,458.0491,0.30171950671308306,8.318063974380493,4
letrecog_tx,96,445.06567,0.29831817752744777,9.322892189025879,5
letrecog_tx,96,454.82983,0.3017591868154201,8.083694696426392,6
letrecog_tx,96,459.43265,0.3005386758003147,8.604027032852173,7
letrecog_tx,96,490.25876,0.3018587523171858,8.099716424942017,8
letrecog_tx,104,505.80832,0.30985684816580467,8.630120038986206,9
letrecog_tx,96,519.12256,0.30032337589491065,8.427875757217407,10
letrecog_tx,96,551.6006,0.306572256019912,8.275865316390991,11
letrecog_tx,96,513.87573,0.3018419920500725,9.083966255187988,12
letrecog_tx,96,488.48657,0.3026801130789148,8.640039443969727,13
letrecog_tx,96,462.98825,0.3027573169212775,8.601294040679932,14
letrecog_tx,96,497.88275,0.29943270462232474,8.140273332595825,15
letrecog_tx,96,454.2482,0.30209441867232184,8.68979525566101,16
letrecog_tx,96,447.0264,0.30248927757707345,10.006344318389893,17
letrecog_tx,96,482.9756,0.29956824043095864,10.021874904632568,18
letrecog_tx,96,477.00897,0.30136747715291523,8.113297462463379,19
letrecog_tx,96,481.55798,0.30422602634493434,9.301722049713135,20
P50.O30_tx,48,3324.3772,0.6445187608249275,38.409095287323,1
P50.O30_tx,48,3313.3987,0.6433959476325822,37.096771240234375,2
P50.O30_tx,48,3290.9631,0.6430184356340796,40.103370904922485,3
P50.O30_tx,48,3292.9502,0.6424680650814406,40.91660928726196,4
P50.O30_tx,48,3291.5056,0.6433376085604886,37.69154620170593,5
P50.O30_tx,48,3294.444,0.6437378644572898,36.88232731819153,6
P50.O30_tx,48,3301.5652,0.645711360689686,41.50833702087402,7
P50.O30_tx,48,3291.288,0.6421493481630137,37.99753451347351,8
P50.O30_tx,48,3298.1406,0.6443695294032729,39.175281047821045,9
P50.O30_tx,48,3286.6794,0.6443264743437137,36.92216491699219,10
P50.O30_tx,48,3283.8843,0.6436990102640315,36.54173398017883,11
P50.O30_tx,48,3300.5496,0.6438394645195573,39.795881271362305,12
P50.O30_tx,48,3313.9473,0.645032629730754,38.605846881866455,13
P50.O30_tx,48,3327.8213,0.6455226477682039,38.005136013031006,14
P50.O30_tx,48,3297.7085,0.6434780380025921,39.57352423667908,15
P50.O30_tx,48,3288.2427,0.6450474030924652,35.8221914768219,16
P50.O30_tx,48,3283.7727,0.6443418656993604,36.61219048500061,17
P50.O30_tx,48,3311.8367,0.6427246872452496,34.75000476837158,18
P50.O30_tx,48,3291.7407,0.6438902294003128,39.056966066360474,19
P50.O30_tx,48,3289.8533,0.6447896849169608,35.42033362388611,20
connect_tx,84,345.21808,0.003907142564401083,30.43908929824829,1
connect_tx,84,333.5078,0.003977772722994062,31.43243098258972,2
connect_tx,84,355.9212,0.0042313346994586444,31.203269004821777,3
connect_tx,84,414.94992,0.00401414295027952,30.83577537536621,4
connect_tx,84,336.17932,0.004087805879210702,29.782823085784912,5
connect_tx,84,391.1802,0.0040309775616476735,30.736517190933228,6
connect_tx,84,494.6489,0.00397691794624828,30.481661319732666,7
connect_tx,84,376.52554,0.003982952803399967,30.70326852798462,8
connect_tx,84,344.02554,0.0040536703355948155,31.13862419128418,9
connect_tx,84,333.42267,0.004024471881137722,31.02038264274597,10
connect_tx,84,337.18878,0.003943027231356397,30.617700815200806,11
connect_tx,84,341.69385,0.004180483863951614,30.761513233184814,12
connect_tx,84,328.86685,0.0040352880934899655,30.790590524673462,13
connect_tx,84,407.13763,0.004071496762338898,30.038684129714966,14
connect_tx,84,338.63748,0.003987159505187927,30.89953875541687,15
connect_tx,84,343.1005,0.003937156517884665,31.72921347618103,16
connect_tx,84,334.8191,0.00391469850308528,31.044171571731567,17
connect_tx,84,491.5625,0.0040422674107047285,30.562418222427368,18
connect_tx,84,362.18146,0.004079260707417239,29.462411880493164,19
connect_tx,84,346.6151,0.004038114523977381,32.07262182235718,20
P0.O30_tx,28,1478.3761,0.7105042845552686,37.42825961112976,1
P0.O30_tx,28,1471.5507,0.7108376835483287,36.341734886169434,2
P0.O30_tx,28,1480.3923,0.7105005190269374,37.14501881599426,3
P0.O30_tx,28,1495.8555,0.7105423411934073,34.1949098110199,4
P0.O30_tx,28,1500.4613,0.7103987899162912,35.47831130027771,5
P0.O30_tx,28,1500.8246,0.7105826886987574,37.54629302024841,6
P0.O30_tx,28,1497.0076,0.7104226330259927,35.56791424751282,7
P0.O30_tx,28,1488.0262,0.7107351327494594,38.50384283065796,8
P0.O30_tx,28,1385.1698,0.7098184729039868,36.06719994544983,9
P0.O30_tx,28,1482.8998,0.7106874317558686,37.73572826385498,10
P0.O30_tx,28,1484.3229,0.7105977455299239,35.90298056602478,11
P0.O30_tx,28,1496.9952,0.7106448211836982,37.74434518814087,12
P0.O30_tx,28,1483.9601,0.7112284805616161,40.43354773521423,13
P0.O30_tx,28,1497.3407,0.710087715879276,37.355541706085205,14
P0.O30_tx,28,1485.8011,0.7108328935508846,37.46965956687927,15
P0.O30_tx,28,1512.9332,0.710671274869513,39.46378302574158,16
P0.O30_tx,28,1489.3578,0.71011032098072,36.10057735443115,17
P0.O30_tx,28,1482.5469,0.7106312016771638,36.59450602531433,18
P0.O30_tx,28,1482.5352,0.7115170976950371,36.577263593673706,19
P0.O30_tx,28,1487.2988,0.7104670544223732,38.558857679367065,20
P0.O0_tx,32,1136.776,0.6939414121102995,34.73094630241394,1
P0.O0_tx,32,1132.5721,0.6933711205253481,36.927244901657104,2
P0.O0_tx,32,1136.738,0.6939320786974874,37.2286593914032,3
P0.O0_tx,32,1124.667,0.6941874148293354,36.822704553604126,4
P0.O0_tx,32,1139.7163,0.6939598848573625,36.36141777038574,5
P0.O0_tx,32,1132.4653,0.6941970427699301,36.50267815589905,6
P0.O0_tx,32,1127.6469,0.6939786665234533,38.144770860672,7
P0.O0_tx,32,1123.2487,0.6939309472263494,35.404823303222656,8
P0.O0_tx,32,1132.3662,0.6942510581835256,37.52287578582764,9
P0.O0_tx,32,1122.5033,0.6940769966889505,38.280193567276,10
P0.O0_tx,32,1130.4978,0.6939428595077765,38.145057678222656,11
P0.O0_tx,32,1134.1672,0.6941363084748684,36.59898567199707,12
P0.O0_tx,32,1141.3698,0.6936424939694865,36.000059843063354,13
P0.O0_tx,32,1143.3987,0.6940285317643954,35.9256489276886,14
P0.O0_tx,32,1129.0337,0.6936979743316378,38.39612674713135,15
P0.O0_tx,32,1136.4501,0.6938106220419342,35.8120551109314,16
P0.O0_tx,32,1129.9948,0.6941585045603134,34.021907806396484,17
P0.O0_tx,32,1133.9939,0.6936826892240127,36.70036554336548,18
P0.O0_tx,32,1120.846,0.6941165782129323,36.16221308708191,19
P0.O0_tx,32,1126.077,0.6939969812061219,37.25122356414795,20
P20.O30_tx,32,3186.8489,0.7083857055029701,35.33334422111511,1
P20.O30_tx,32,3215.212,0.7090167051831936,38.22827768325806,2
P20.O30_tx,32,3184.9624,0.7090171495775457,39.60827445983887,3
P20.O30_tx,32,3181.6526,0.7078514094487012,35.8584520816803,4
P20.O30_tx,32,3224.35,0.7084960181439578,37.318193197250366,5
P20.O30_tx,32,3208.943,0.7077910583869894,36.96449613571167,6
P20.O30_tx,32,3180.5327,0.7090598793963019,35.989100217819214,7
P20.O30_tx,32,3199.9758,0.7095517136107566,38.339390993118286,8
P20.O30_tx,32,3186.7776,0.7099587589448755,38.396034717559814,9
P20.O30_tx,32,3193.1548,0.7081840484682962,36.645716428756714,10
P20.O30_tx,32,3183.4978,0.709309788723314,36.59117603302002,11
P20.O30_tx,32,3185.142,0.7082622925969623,37.43103289604187,12
P20.O30_tx,32,3191.4827,0.7078025623040299,35.85840559005737,13
P20.O30_tx,32,3192.5713,0.7087598375675651,39.648876667022705,14
P20.O30_tx,32,3186.525,0.7077760944214019,43.96671915054321,15
P20.O30_tx,32,3190.7117,0.7085143896661665,33.66071605682373,16
P20.O30_tx,32,3174.887,0.7084679496593042,38.30587029457092,17
P20.O30_tx,32,3181.7908,0.7090173782310119,36.56365203857422,18
P20.O30_tx,32,3183.9873,0.7083710410391499,36.21556520462036,19
P20.O30_tx,32,3182.9285,0.7081957650572425,40.39361596107483,20
T500k.D20k.L50.P60.O40.C8,52,25622.14,0.6925791260424289,115.19800448417664,1
T500k.D20k.L50.P60.O40.C8,52,25609.668,0.6927452291008076,118.38827896118164,2
T500k.D20k.L50.P60.O40.C8,52,25601.477,0.6904632758544964,115.87807106971741,3
T500k.D20k.L50.P60.O40.C8,52,25638.906,0.6930088565910579,112.07634615898132,4
T500k.D20k.L50.P60.O40.C8,52,25639.117,0.6921992650142277,113.48165535926819,5
T500k.D20k.L50.P60.O40.C8,52,25610.14,0.6929149752531493,114.43196034431458,6
T500k.D20k.L50.P60.O40.C8,52,25600.459,0.6895029144791779,112.54082679748535,7
T500k.D20k.L50.P60.O40.C8,52,25639.363,0.6943094083944181,113.65626311302185,8
T500k.D20k.L50.P60.O40.C8,52,25601.836,0.6908740646363876,114.28184700012207,9
T500k.D20k.L50.P60.O40.C8,52,25606.932,0.6913145066760843,112.73605799674988,10
T500k.D20k.L50.P60.O40.C8,52,25595.342,0.6898360693253033,113.78047633171082,11
T500k.D20k.L50.P60.O40.C8,52,25609.955,0.6923039671951482,114.92239165306091,12
T500k.D20k.L50.P60.O40.C8,52,25617.857,0.6919163056152466,113.4781985282898,13
T500k.D20k.L50.P60.O40.C8,52,25616.543,0.6915547827496755,111.25028896331787,14
T500k.D20k.L50.P60.O40.C8,52,25608.125,0.6914638253365026,115.01422667503357,15
T500k.D20k.L50.P60.O40.C8,52,25626.668,0.6938321557613321,111.86162853240967,16
T500k.D20k.L50.P60.O40.C8,52,25636.55,0.6929219957365845,117.08778691291809,17
T500k.D20k.L50.P60.O40.C8,52,25630.107,0.6915418381060947,108.82283878326416,18
T500k.D20k.L50.P60.O40.C8,52,25632.297,0.6957884656619819,118.70692992210388,19
T500k.D20k.L50.P60.O40.C8,52,25632.906,0.6941760338708037,112.54143476486206,20
P20.O0_tx,40,2710.2153,0.6769373388514136,37.97627305984497,1
P20.O0_tx,40,2714.1409,0.6768030088582925,37.200239419937134,2
P20.O0_tx,40,2705.8057,0.6766923515747231,36.46149015426636,3
P20.O0_tx,40,2710.0469,0.6762660279935164,37.64555883407593,4
P20.O0_tx,40,2710.8354,0.6769703377930847,36.37788510322571,5
P20.O0_tx,40,2716.9575,0.6769673556018345,39.47772192955017,6
P20.O0_tx,40,2720.587,0.67692673693651,36.14745879173279,7
P20.O0_tx,40,2709.7908,0.676520044047595,34.973658323287964,8
P20.O0_tx,40,2712.7363,0.6765964512796369,35.17495536804199,9
P20.O0_tx,40,2711.0872,0.6766808601344881,36.93699502944946,10
P20.O0_tx,40,2710.8862,0.6766934579727125,39.571598052978516,11
P20.O0_tx,40,2715.854,0.6763303961991642,35.21771788597107,12
P20.O0_tx,40,2710.208,0.6768239496501587,38.20859932899475,13
P20.O0_tx,40,2713.4834,0.6777375026013118,39.416842460632324,14
P20.O0_tx,40,2717.1826,0.6764352940551805,37.465163230895996,15
P20.O0_tx,40,2722.4485,0.676594206110067,35.61169743537903,16
P20.O0_tx,40,2717.6064,0.6773960263108832,40.014986991882324,17
P20.O0_tx,40,2706.8928,0.6764526191313772,37.42035436630249,18
P20.O0_tx,40,2727.6155,0.6765952019229209,38.12739133834839,19
P20.O0_tx,40,2732.383,0.6762272694634964,35.85196113586426,20
chessBig_tx,52,49.743835,0.14065461379627328,12.763060808181763,1
chessBig_tx,52,42.6196,0.14587453352795346,13.73319149017334,2
chessBig_tx,40,50.162216,0.14843661474612674,13.358413696289062,3
chessBig_tx,56,41.73029,0.16563450821999404,14.496655464172363,4
chessBig_tx,52,47.253437,0.14552284020158016,13.583377599716187,5
chessBig_tx,52,50.774204,0.14267432286537557,13.482911109924316,6
chessBig_tx,48,45.594666,0.15800836523507045,13.180879831314087,7
chessBig_tx,52,46.093365,0.14432330774494348,13.07133173942566,8
chessBig_tx,52,41.259342,0.1423106674657932,13.141092538833618,9
chessBig_tx,52,47.06825,0.16338478818700508,12.936900854110718,10
chessBig_tx,52,40.94157,0.1438885437788908,12.971973180770874,11
chessBig_tx,52,44.451107,0.14907365818773385,12.036850929260254,12
chessBig_tx,52,50.738354,0.15183031305852107,13.189337491989136,13
chessBig_tx,52,48.146538,0.15517422845849851,12.838862895965576,14
chessBig_tx,52,48.20687,0.14388271460016197,12.508312940597534,15
chessBig_tx,40,48.842434,0.15079741839030278,15.223350763320923,16
chessBig_tx,56,43.89966,0.15762389928691228,11.485156059265137,17
chessBig_tx,48,41.29655,0.14987531258589104,11.913429498672485,18
chessBig_tx,52,48.646854,0.14198359267519506,14.986874341964722,19
chessBig_tx,40,47.30299,0.1530776141690242,13.168408632278442,20
db36-sep_w2v,64,187505.28,0.7096748439909083,392.6475474834442,1
db36-sep_w2v,64,185893.5,0.7152582018392742,404.3108968734741,2
db36-sep_w2v,64,187517.22,0.7050251185182258,372.9947621822357,3
db36-sep_w2v,64,184437.6,0.7136884791547874,405.21911215782166,4
db36-sep_w2v,64,186379.38,0.7133905281224077,401.7344536781311,5
db36-sep_w2v,64,185106.62,0.7150138873126256,388.86165475845337,6
db36-sep_w2v,92,165639.94,0.7096193228032449,377.2319254875183,7
db36-sep_w2v,64,187329.84,0.7168807730917259,399.1391649246216,8
db36-sep_w2v,64,194084.84,0.716526023264698,386.0878167152405,9
db36-sep_w2v,92,162792.4,0.7128432113574499,390.3374536037445,10
db36-sep_w2v,64,188165.05,0.7121800056169509,384.5593042373657,11
db36-sep_w2v,64,185170.19,0.7125669061907064,403.9985339641571,12
db36-sep_w2v,64,190996.48,0.7154459927573117,395.84501791000366,13
db36-sep_w2v,92,165558.94,0.70702921345618,396.95972514152527,14
db36-sep_w2v,92,163130.03,0.7136034516293983,395.911363363266,15
db36-sep_w2v,92,163255.1,0.7085257199000603,391.53075218200684,16
db36-sep_w2v,64,193422.92,0.7120572858711459,396.59886026382446,17
db36-sep_w2v,64,191934.84,0.7131917042483943,404.0439233779907,18
db36-sep_w2v,64,193463.48,0.7133321895622894,398.4923577308655,19
db36-sep_w2v,64,191801.25,0.7152502333784281,397.791668176651,20
pendigits_tx,76,222.69968,0.5553676066367865,4.745070219039917,1
pendigits_tx,76,223.00414,0.5530225781561756,6.070673942565918,2
pendigits_tx,76,219.59103,0.5547885849032347,5.1442179679870605,3
pendigits_tx,76,221.64172,0.5522803755051983,5.1135687828063965,4
pendigits_tx,76,221.46217,0.5526670848559726,5.157784461975098,5
pendigits_tx,76,231.09517,0.5501433418666303,4.788816452026367,6
pendigits_tx,76,248.26767,0.551162429003961,5.6238930225372314,7
pendigits_tx,76,245.3331,0.5556216993548351,5.036032199859619,8
pendigits_tx,76,231.88205,0.5558596697729696,5.805593252182007,9
pendigits_tx,76,252.39453,0.5522081739727364,5.132520437240601,10
pendigits_tx,76,242.24759,0.5551567723083195,5.064327239990234,11
pendigits_tx,76,230.98085,0.5567901734230906,5.100781202316284,12
pendigits_tx,76,227.50249,0.5505602209324509,5.995330333709717,13
pendigits_tx,76,246.79971,0.5524715533533958,4.943598747253418,14
pendigits_tx,76,223.99786,0.5567485988996161,5.020233154296875,15
pendigits_tx,76,239.04907,0.552314703639605,5.978530406951904,16
pendigits_tx,76,229.8695,0.5535060879719006,5.028638124465942,17
pendigits_tx,76,236.47495,0.5507238392596969,4.984059810638428,18
pendigits_tx,76,240.13654,0.5552356766044624,4.986353874206543,19
pendigits_tx,76,227.6378,0.5558674824948614,5.015487194061279,20
