filename,elbow_k,elbow_inertia,iteration
adult_tx,92,453.79053,1
adult_tx,120,419.7671,2
adult_tx,96,436.5061,3
adult_tx,96,480.43134,4
adult_tx,120,399.01825,5
adult_tx,96,507.21228,6
adult_tx,108,601.5735,7
adult_tx,96,556.6138,8
adult_tx,88,450.5658,9
adult_tx,96,502.04483,10
adult_tx,100,478.99594,11
adult_tx,120,414.74356,12
adult_tx,120,432.71466,13
adult_tx,108,421.4599,14
adult_tx,96,476.07544,15
adult_tx,120,423.52252,16
adult_tx,124,378.79184,17
adult_tx,120,383.79056,18
adult_tx,120,384.99713,19
adult_tx,92,426.84586,20
P50.O0_tx,44,2912.4207,1
P50.O0_tx,44,2904.6208,2
P50.O0_tx,44,2928.2434,3
P50.O0_tx,44,2916.9094,4
P50.O0_tx,44,2928.671,5
P50.O0_tx,44,2930.3809,6
P50.O0_tx,44,2907.641,7
P50.O0_tx,44,2902.3472,8
P50.O0_tx,44,2896.2922,9
P50.O0_tx,44,2908.6704,10
P50.O0_tx,44,2896.2676,11
P50.O0_tx,44,2896.9055,12
P50.O0_tx,44,2898.8984,13
P50.O0_tx,44,2917.5056,14
P50.O0_tx,44,2932.1628,15
P50.O0_tx,44,2908.6492,16
P50.O0_tx,44,2899.4316,17
P50.O0_tx,44,2899.42,18
P50.O0_tx,44,2903.2976,19
P50.O0_tx,44,2896.9648,20
letrecog_tx,96,429.64548,1
letrecog_tx,112,397.9799,2
letrecog_tx,104,441.94025,3
letrecog_tx,120,434.11295,4
letrecog_tx,116,382.826,5
letrecog_tx,116,375.80243,6
letrecog_tx,116,414.1978,7
letrecog_tx,120,404.56,8
letrecog_tx,116,438.67334,9
letrecog_tx,116,393.1281,10
letrecog_tx,112,444.92307,11
letrecog_tx,120,434.68713,12
letrecog_tx,104,426.33145,13
letrecog_tx,104,379.27432,14
letrecog_tx,112,398.37595,15
letrecog_tx,120,423.32877,16
letrecog_tx,108,452.8271,17
letrecog_tx,116,451.44287,18
letrecog_tx,120,443.6223,19
letrecog_tx,104,432.45752,20
P50.O30_tx,48,3169.8784,1
P50.O30_tx,48,3196.4558,2
P50.O30_tx,48,3200.97,3
P50.O30_tx,48,3180.15,4
P50.O30_tx,48,3179.239,5
P50.O30_tx,48,3172.494,6
P50.O30_tx,48,3173.544,7
P50.O30_tx,48,3174.7058,8
P50.O30_tx,48,3173.7717,9
P50.O30_tx,48,3178.6848,10
P50.O30_tx,48,3173.5886,11
P50.O30_tx,48,3178.6436,12
P50.O30_tx,48,3174.5872,13
P50.O30_tx,48,3181.6357,14
P50.O30_tx,48,3188.5532,15
P50.O30_tx,48,3193.8525,16
P50.O30_tx,48,3181.9084,17
P50.O30_tx,48,3176.5193,18
P50.O30_tx,48,3187.8577,19
P50.O30_tx,48,3186.0322,20
connect_tx,100,381.94626,1
connect_tx,100,318.545,2
connect_tx,100,409.83572,3
connect_tx,100,420.8408,4
connect_tx,100,435.43454,5
connect_tx,100,363.3608,6
connect_tx,112,294.65878,7
connect_tx,100,306.24298,8
connect_tx,100,507.6233,9
connect_tx,100,433.27347,10
connect_tx,100,311.11646,11
connect_tx,104,317.33856,12
connect_tx,100,299.15103,13
connect_tx,100,300.8135,14
connect_tx,100,319.62766,15
connect_tx,100,298.83722,16
connect_tx,100,325.77374,17
connect_tx,100,367.6576,18
connect_tx,100,293.61993,19
connect_tx,112,325.41208,20
P0.O30_tx,52,1058.31,1
P0.O30_tx,48,1158.2401,2
P0.O30_tx,40,1231.7897,3
P0.O30_tx,40,1229.5454,4
P0.O30_tx,40,1224.4501,5
P0.O30_tx,40,1150.8179,6
P0.O30_tx,48,1158.1012,7
P0.O30_tx,40,1233.66,8
P0.O30_tx,48,1152.2925,9
P0.O30_tx,52,1121.8765,10
P0.O30_tx,40,1144.4875,11
P0.O30_tx,48,1162.8817,12
P0.O30_tx,48,1162.1865,13
P0.O30_tx,48,1182.2589,14
P0.O30_tx,48,1158.2947,15
P0.O30_tx,40,1246.8335,16
P0.O30_tx,52,1127.5596,17
P0.O30_tx,48,1163.5721,18
P0.O30_tx,40,1231.9047,19
P0.O30_tx,48,1177.5413,20
P0.O0_tx,36,970.45447,1
P0.O0_tx,36,969.7908,2
P0.O0_tx,36,975.39886,3
P0.O0_tx,36,981.06323,4
P0.O0_tx,36,982.6111,5
P0.O0_tx,36,979.59106,6
P0.O0_tx,36,982.402,7
P0.O0_tx,48,828.0418,8
P0.O0_tx,36,983.86273,9
P0.O0_tx,36,975.4137,10
P0.O0_tx,36,977.0416,11
P0.O0_tx,36,972.3741,12
P0.O0_tx,36,975.45386,13
P0.O0_tx,36,975.78296,14
P0.O0_tx,36,979.18506,15
P0.O0_tx,36,986.6474,16
P0.O0_tx,44,860.54474,17
P0.O0_tx,36,973.6699,18
P0.O0_tx,36,982.74384,19
P0.O0_tx,44,862.25037,20
P20.O30_tx,32,3091.5789,1
P20.O30_tx,32,3087.6704,2
P20.O30_tx,32,3092.7256,3
P20.O30_tx,32,3080.6304,4
P20.O30_tx,32,3084.4185,5
P20.O30_tx,32,3085.9836,6
P20.O30_tx,32,3091.5254,7
P20.O30_tx,32,3098.5247,8
P20.O30_tx,32,3085.9292,9
P20.O30_tx,32,3098.9722,10
P20.O30_tx,32,3087.2253,11
P20.O30_tx,32,3096.6206,12
P20.O30_tx,32,3111.7468,13
P20.O30_tx,32,3086.2205,14
P20.O30_tx,32,3090.0974,15
P20.O30_tx,48,2980.1477,16
P20.O30_tx,32,3088.143,17
P20.O30_tx,32,3118.8528,18
P20.O30_tx,32,3091.0828,19
P20.O30_tx,32,3089.4265,20
T500k.D20k.L50.P60.O40.C8,72,24493.963,1
T500k.D20k.L50.P60.O40.C8,72,24442.059,2
T500k.D20k.L50.P60.O40.C8,60,24691.502,3
T500k.D20k.L50.P60.O40.C8,72,24435.385,4
T500k.D20k.L50.P60.O40.C8,72,24424.719,5
T500k.D20k.L50.P60.O40.C8,72,24431.54,6
T500k.D20k.L50.P60.O40.C8,72,24441.273,7
T500k.D20k.L50.P60.O40.C8,72,24434.615,8
T500k.D20k.L50.P60.O40.C8,72,24404.99,9
T500k.D20k.L50.P60.O40.C8,72,24456.748,10
T500k.D20k.L50.P60.O40.C8,72,24454.064,11
T500k.D20k.L50.P60.O40.C8,72,24440.87,12
T500k.D20k.L50.P60.O40.C8,72,24445.033,13
T500k.D20k.L50.P60.O40.C8,52,24816.594,14
T500k.D20k.L50.P60.O40.C8,72,24447.406,15
T500k.D20k.L50.P60.O40.C8,72,24429.25,16
T500k.D20k.L50.P60.O40.C8,72,24430.184,17
T500k.D20k.L50.P60.O40.C8,72,24433.756,18
T500k.D20k.L50.P60.O40.C8,72,24435.168,19
T500k.D20k.L50.P60.O40.C8,72,24402.47,20
P20.O0_tx,48,2588.2178,1
P20.O0_tx,48,2580.905,2
P20.O0_tx,48,2574.0237,3
P20.O0_tx,48,2565.9866,4
P20.O0_tx,48,2583.3281,5
P20.O0_tx,48,2589.3298,6
P20.O0_tx,48,2589.0078,7
P20.O0_tx,48,2572.2654,8
P20.O0_tx,48,2564.4946,9
P20.O0_tx,48,2575.922,10
P20.O0_tx,48,2574.7578,11
P20.O0_tx,48,2574.9758,12
P20.O0_tx,48,2573.3306,13
P20.O0_tx,48,2572.8796,14
P20.O0_tx,48,2582.3887,15
P20.O0_tx,48,2584.3042,16
P20.O0_tx,48,2579.0913,17
P20.O0_tx,48,2568.8123,18
P20.O0_tx,48,2599.4314,19
P20.O0_tx,48,2570.9468,20
chessBig_tx,64,35.19242,1
chessBig_tx,64,38.321117,2
chessBig_tx,52,40.051838,3
chessBig_tx,64,32.114285,4
chessBig_tx,80,31.364634,5
chessBig_tx,76,29.650785,6
chessBig_tx,64,33.568043,7
chessBig_tx,64,38.27239,8
chessBig_tx,64,34.63187,9
chessBig_tx,64,37.343754,10
chessBig_tx,64,35.194935,11
chessBig_tx,76,34.20099,12
chessBig_tx,76,30.180264,13
chessBig_tx,64,34.924965,14
chessBig_tx,64,38.0456,15
chessBig_tx,64,30.65313,16
chessBig_tx,60,36.542274,17
chessBig_tx,76,28.724014,18
chessBig_tx,52,41.28475,19
chessBig_tx,64,36.318413,20
pendigits_tx,96,202.11484,1
pendigits_tx,104,184.01764,2
pendigits_tx,96,187.21132,3
pendigits_tx,100,185.43776,4
pendigits_tx,84,192.73174,5
pendigits_tx,100,186.54344,6
pendigits_tx,104,177.80194,7
pendigits_tx,92,187.55905,8
pendigits_tx,100,189.19589,9
pendigits_tx,92,193.8552,10
pendigits_tx,92,189.5407,11
pendigits_tx,100,187.64748,12
pendigits_tx,80,223.90086,13
pendigits_tx,96,196.4186,14
pendigits_tx,100,187.59444,15
pendigits_tx,96,217.36739,16
pendigits_tx,100,180.30894,17
pendigits_tx,96,181.66544,18
pendigits_tx,100,178.88748,19
pendigits_tx,92,194.08972,20
db36-sep_w2v,112,111790.89,1
db36-sep_w2v,116,109661.91,2
db36-sep_w2v,104,117446.01,3
db36-sep_w2v,120,105329.24,4
db36-sep_w2v,104,116105.22,5
db36-sep_w2v,116,109147.984,6
db36-sep_w2v,104,116437.695,7
db36-sep_w2v,108,115783.305,8
db36-sep_w2v,120,106810.69,9
db36-sep_w2v,128,102595.25,10
db36-sep_w2v,120,106929.85,11
db36-sep_w2v,112,111656.28,12
db36-sep_w2v,116,108106.664,13
db36-sep_w2v,116,109420.336,14
db36-sep_w2v,104,116629.87,15
db36-sep_w2v,112,110842.836,16
db36-sep_w2v,112,110567.17,17
db36-sep_w2v,112,112294.95,18
db36-sep_w2v,104,117992.99,19
db36-sep_w2v,108,113785.586,20
