filename,nmi,deltak,nclusters,running_time,iteration
adult_tx,0.10844313873160026,2,4,175.31815,1
adult_tx,0.11845536174336407,2,4,143.42865,2
adult_tx,0.12078077230714528,2,4,80.99055,3
adult_tx,0.11311155721875289,2,4,190.16285,4
adult_tx,0.11338299925935595,2,4,54.34485,5
adult_tx,0.11746751422761142,2,4,109.42755,6
adult_tx,0.1392886265207717,2,4,109.51715,7
adult_tx,0.11483695529871892,2,4,112.1486,8
adult_tx,0.1286823037199622,2,4,119.55739999999999,9
adult_tx,0.1204582903174505,2,4,58.3576,10
adult_tx,0.09994279608705353,2,4,91.64670000000001,11
adult_tx,0.11210515111386449,2,4,119.0018,12
adult_tx,0.1131115572187529,2,4,116.10215,13
adult_tx,0.11176006138861393,2,4,90.0813,14
adult_tx,0.12643062005212127,2,4,177.57175,15
adult_tx,0.10030771909843043,2,4,116.4648,16
adult_tx,0.12617139319662912,2,4,116.82459999999999,17
adult_tx,0.11572806765823802,2,4,118.34025,18
adult_tx,0.12160090326930661,2,4,86.29675,19
adult_tx,0.12058368146574364,2,4,85.6356,20
adult_tx,0.11713247349467434,2.0,4,113.56095250000001,avg
adult_tx,0.10947134874317546,6,8,141.65654999999998,1
adult_tx,0.09473856574270687,6,8,248.39025,2
adult_tx,0.09914158607827134,6,8,246.01924999999997,3
adult_tx,0.10146548229661716,6,8,142.63094999999998,4
adult_tx,0.11986150324181827,6,8,144.0893,5
adult_tx,0.09475206343757427,6,8,232.8446,6
adult_tx,0.10897174018339173,6,8,272.30405,7
adult_tx,0.10853918437434319,6,8,113.9729,8
adult_tx,0.1057898231086138,6,8,74.64655,9
adult_tx,0.1191994555938878,6,8,324.0346,10
adult_tx,0.11197516720185192,6,8,212.58659999999998,11
adult_tx,0.10800197348744849,6,8,177.32604999999998,12
adult_tx,0.11012710234313167,6,8,177.78435,13
adult_tx,0.08912668762354664,6,8,141.605,14
adult_tx,0.10826502481316058,6,8,247.9686,15
adult_tx,0.10436049436392397,6,8,141.3965,16
adult_tx,0.10099081736255316,6,8,212.51489999999998,17
adult_tx,0.10666274774309839,6,8,142.17945,18
adult_tx,0.09580876190117814,6,8,142.34975,19
adult_tx,0.10093533668758307,5,8,172.82055,20
adult_tx,0.10490924331639377,5.95,8,185.45603749999998,avg
adult_tx,0.0905314212829266,14,16,234.47369999999998,1
adult_tx,0.09163637944475705,14,16,231.82010000000002,2
adult_tx,0.10273796183608508,14,16,234.1103,3
adult_tx,0.10282296858466128,14,16,330.38975,4
adult_tx,0.10064451995925196,14,16,228.0618,5
adult_tx,0.09771688360049681,14,16,186.40935000000002,6
adult_tx,0.09890043415295682,14,16,187.83464999999998,7
adult_tx,0.09103305450462497,14,16,185.839,8
adult_tx,0.09476630729328503,13,16,189.54819999999998,9
adult_tx,0.0938209213532503,14,16,263.54405,10
adult_tx,0.09626022919860648,13,16,339.9928,11
adult_tx,0.08529202396600195,13,16,196.9703,12
adult_tx,0.09814118701595406,14,16,145.99715,13
adult_tx,0.09873424267107417,13,16,241.72509999999997,14
adult_tx,0.09715367383264455,13,16,238.2809,15
adult_tx,0.09769519423796909,14,16,317.88370000000003,16
adult_tx,0.09402496600754119,14,16,307.90425,17
adult_tx,0.08507523179490639,14,16,270.8986,18
adult_tx,0.08743705106494343,14,16,134.96505000000002,19
adult_tx,0.09864949543726412,14,16,228.22494999999998,20
adult_tx,0.09515370736196008,13.75,16,234.74368499999997,avg
P50.O0_tx,0.3820707144245862,-2,4,5478.79,1
P50.O0_tx,0.6430441486662836,-2,4,3021.1919000000003,2
P50.O0_tx,0.38689489716910624,-2,4,3204.95285,3
P50.O0_tx,0.5839679867533332,-2,4,2320.65895,4
P50.O0_tx,0.5815117259071627,-2,4,3065.3164,5
P50.O0_tx,0.6133060167102538,-2,4,2330.88085,6
P50.O0_tx,0.5698592436455743,-2,4,2253.246,7
P50.O0_tx,0.5789946139755018,-2,4,7924.185799999999,8
P50.O0_tx,0.6425147993317631,-2,4,2308.69035,9
P50.O0_tx,0.5842062554502645,-2,4,3095.8419,10
P50.O0_tx,0.6099765408766172,-2,4,4574.0268,11
P50.O0_tx,0.7079539959679,-2,4,3106.86205,12
P50.O0_tx,0.399829019819505,-2,4,3105.6609000000003,13
P50.O0_tx,0.6430425691614722,-2,4,3069.7427000000002,14
P50.O0_tx,0.5790572585051087,-2,4,3020.2192,15
P50.O0_tx,0.5815400113496794,-2,4,3013.73465,16
P50.O0_tx,0.6430803366585558,-2,4,3062.18545,17
P50.O0_tx,0.741204249611484,-2,4,4660.01805,18
P50.O0_tx,0.610072034275234,-2,4,2948.1137,19
P50.O0_tx,0.6065692116919068,-2,4,3012.4295,20
P50.O0_tx,0.5844347814975646,-2.0,4,3428.8374000000003,avg
P50.O0_tx,0.9302583898425448,2,8,7037.82185,1
P50.O0_tx,0.5327760860863058,2,8,6736.2393999999995,2
P50.O0_tx,0.7232170812052625,2,8,5693.0172,3
P50.O0_tx,0.9320803984834145,2,8,6280.74815,4
P50.O0_tx,0.6942282575122436,2,8,5003.5826,5
P50.O0_tx,0.47839558439286173,2,8,9889.5239,6
P50.O0_tx,0.7269823669178516,2,8,3772.7000500000004,7
P50.O0_tx,0.7535126832713402,2,8,6715.319700000001,8
P50.O0_tx,0.7330113321440558,2,8,6476.66715,9
P50.O0_tx,0.7368395012530675,2,8,4999.29445,10
P50.O0_tx,0.7367531398565432,2,8,6483.405949999999,11
P50.O0_tx,0.7424135611711682,2,8,7161.670700000001,12
P50.O0_tx,0.7544549098743681,2,8,4233.7254,13
P50.O0_tx,0.7438387693382591,2,8,6557.776749999999,14
P50.O0_tx,0.739829139056099,2,8,8679.6304,15
P50.O0_tx,0.9239284222205405,2,8,7023.262699999999,16
P50.O0_tx,0.6993288713504934,2,8,6459.343250000001,17
P50.O0_tx,0.49922366302766746,2,8,6119.5638,18
P50.O0_tx,0.9236093029263515,2,8,7799.2426,19
P50.O0_tx,0.9394088800052888,2,8,2836.4701,20
P50.O0_tx,0.7472045169967864,2.0,8,6297.950305,avg
P50.O0_tx,0.7967744080683865,10,16,8595.0347,1
P50.O0_tx,0.7934077259487793,10,16,7942.4545,2
P50.O0_tx,0.8169572360961284,10,16,6419.255300000001,3
P50.O0_tx,0.7820680704778867,10,16,11641.943449999999,4
P50.O0_tx,0.7875246945882365,10,16,11009.8432,5
P50.O0_tx,0.8031058726386195,10,16,8580.0428,6
P50.O0_tx,0.7895194935601987,10,16,6575.7091,7
P50.O0_tx,0.8054786759796528,10,16,8553.1421,8
P50.O0_tx,0.785925083696342,10,16,8665.55745,9
P50.O0_tx,0.7987058604787649,10,16,11339.7064,10
P50.O0_tx,0.8030886031966975,10,16,9519.3431,11
P50.O0_tx,0.7865401886079489,10,16,9444.2573,12
P50.O0_tx,0.7948641888431587,10,16,9382.25015,13
P50.O0_tx,0.805737567281915,10,16,18117.20175,14
P50.O0_tx,0.7957049021832965,10,16,7784.4159500000005,15
P50.O0_tx,0.7870355472313394,10,16,7192.839999999999,16
P50.O0_tx,0.7907830460759245,10,16,10828.4916,17
P50.O0_tx,0.8002665178209278,10,16,7825.43575,18
P50.O0_tx,0.8080990827411695,10,16,7025.2573999999995,19
P50.O0_tx,0.7884731851338376,10,16,7167.9872000000005,20
P50.O0_tx,0.7960029975324604,10.0,16,9180.508460000001,avg
letrecog_tx,0.041417689955713835,-22,4,51.03425,1
letrecog_tx,0.07048100460684405,-22,4,38.31065,2
letrecog_tx,0.08786581985287546,-22,4,48.68735,3
letrecog_tx,0.0696764009768255,-22,4,60.188050000000004,4
letrecog_tx,0.054826412224851795,-22,4,96.6175,5
letrecog_tx,0.07209936446609991,-22,4,61.894349999999996,6
letrecog_tx,0.04301971097111496,-22,4,60.490449999999996,7
letrecog_tx,0.06353212908110797,-22,4,60.286249999999995,8
letrecog_tx,0.06729761193023596,-23,4,48.3984,9
letrecog_tx,0.05924187498541816,-22,4,61.1062,10
letrecog_tx,0.07920136848877952,-22,4,61.61015,11
letrecog_tx,0.049673501901516016,-22,4,72.70675,12
letrecog_tx,0.06197281347262026,-22,4,48.55455,13
letrecog_tx,0.045970866626128065,-22,4,72.19795,14
letrecog_tx,0.05717338299110342,-22,4,61.567099999999996,15
letrecog_tx,0.051943235269312334,-23,4,73.05735,16
letrecog_tx,0.03708547237499237,-22,4,23.84155,17
letrecog_tx,0.0659730251750279,-22,4,70.92515,18
letrecog_tx,0.04185173599181319,-22,4,74.6544,19
letrecog_tx,0.10108435586702727,-22,4,113.3243,20
letrecog_tx,0.0610693888604704,-22.1,4,62.97263499999999,avg
letrecog_tx,0.10347688614291808,-18,8,74.0476,1
letrecog_tx,0.11678163658712855,-18,8,90.33525,2
letrecog_tx,0.11139144315185785,-18,8,148.31574999999998,3
letrecog_tx,0.11160949977341535,-18,8,59.544149999999995,4
letrecog_tx,0.1230510739074245,-18,8,105.1977,5
letrecog_tx,0.08796835299306888,-18,8,58.741,6
letrecog_tx,0.13770092432487446,-18,8,60.087599999999995,7
letrecog_tx,0.14737945482755474,-18,8,105.4768,8
letrecog_tx,0.07320776201278165,-18,8,75.13685,9
letrecog_tx,0.12092904338827866,-18,8,45.982099999999996,10
letrecog_tx,0.1337416595914213,-18,8,75.25104999999999,11
letrecog_tx,0.13533513786543558,-18,8,76.1578,12
letrecog_tx,0.13269229416941475,-18,8,87.5508,13
letrecog_tx,0.08205856380213576,-18,8,73.63455,14
letrecog_tx,0.10162877293248306,-18,8,44.06545,15
letrecog_tx,0.13611052067065696,-18,8,115.28210000000001,16
letrecog_tx,0.11578626731327708,-18,8,85.68595,17
letrecog_tx,0.09403072220567968,-18,8,87.57414999999999,18
letrecog_tx,0.14190406110758366,-18,8,73.21445,19
letrecog_tx,0.08606891678475839,-18,8,44.1783,20
letrecog_tx,0.11464264967760744,-18.0,8,79.27296999999999,avg
letrecog_tx,0.18639941523773673,-10,16,208.17145,1
letrecog_tx,0.18706668703967508,-10,16,133.58075,2
letrecog_tx,0.16035020513261225,-10,16,169.1003,3
letrecog_tx,0.16436787372324832,-10,16,188.01330000000002,4
letrecog_tx,0.18450436033468348,-10,16,149.0921,5
letrecog_tx,0.176826515755856,-10,16,94.58895000000001,6
letrecog_tx,0.19832811136750833,-10,16,112.43769999999999,7
letrecog_tx,0.17767778412042134,-10,16,136.6839,8
letrecog_tx,0.16783906294516326,-10,16,187.6241,9
letrecog_tx,0.150246127376046,-11,16,151.0228,10
letrecog_tx,0.1754361688958597,-10,16,151.58350000000002,11
letrecog_tx,0.16984625689019453,-10,16,132.34109999999998,12
letrecog_tx,0.1911122705371343,-10,16,264.3746,13
letrecog_tx,0.17076039879404434,-10,16,150.65725,14
letrecog_tx,0.17110763451116534,-10,16,95.12604999999999,15
letrecog_tx,0.12453432168622194,-10,16,112.5612,16
letrecog_tx,0.1577418207976048,-10,16,132.56635,17
letrecog_tx,0.17551365652155576,-10,16,112.0231,18
letrecog_tx,0.17794717474561353,-10,16,74.8896,19
letrecog_tx,0.18574784964108532,-10,16,94.72905,20
letrecog_tx,0.17266768480267153,-10.05,16,142.5583575,avg
P50.O30_tx,0.5530662385747482,-2,4,2017.9933999999998,1
P50.O30_tx,0.4133209470388243,-2,4,3477.05495,2
P50.O30_tx,0.3906882946860373,-2,4,2104.34875,3
P50.O30_tx,0.4081839522449876,-2,4,2110.33365,4
P50.O30_tx,0.40294985300981967,-2,4,2818.85935,5
P50.O30_tx,0.3832629601063963,-2,4,2133.5767,6
P50.O30_tx,0.5883003294152637,-2,4,2050.62255,7
P50.O30_tx,0.7337470071459199,-2,4,2814.8376,8
P50.O30_tx,0.6165393358836877,-2,4,2095.509,9
P50.O30_tx,0.6164939366360894,-2,4,2095.76965,10
P50.O30_tx,0.640764152933854,-2,4,2066.9493500000003,11
P50.O30_tx,0.8371101403519001,-2,4,2147.9982499999996,12
P50.O30_tx,0.5910376013868752,-2,4,2689.6733,13
P50.O30_tx,0.7110787085324266,-2,4,2809.45675,14
P50.O30_tx,0.4135906491471262,-2,4,2108.6858500000003,15
P50.O30_tx,0.5496633991679236,-2,4,2006.42505,16
P50.O30_tx,0.6825426178157451,-2,4,2763.69385,17
P50.O30_tx,0.5651043539462076,-2,4,3427.61425,18
P50.O30_tx,0.6407457835840736,-2,4,2050.52705,19
P50.O30_tx,0.5910376013868752,-2,4,2053.55535,20
P50.O30_tx,0.5664613931497391,-2.0,4,2392.1742325,avg
P50.O30_tx,0.712398529339626,2,8,1952.47515,1
P50.O30_tx,0.9533243537656673,2,8,1963.8847500000002,2
P50.O30_tx,0.9484556894488959,2,8,1969.6865500000001,3
P50.O30_tx,0.7188208351196615,2,8,1981.28395,4
P50.O30_tx,0.9426571951356234,2,8,2610.8482,5
P50.O30_tx,0.7095132496929423,2,8,2644.2031,6
P50.O30_tx,0.931256456297971,2,8,1941.7815999999998,7
P50.O30_tx,0.7174731681732054,2,8,3282.4457,8
P50.O30_tx,0.758949325948898,2,8,1981.6545,9
P50.O30_tx,0.7112745689918833,2,8,2624.80665,10
P50.O30_tx,0.9340840948451451,2,8,1971.6644999999999,11
P50.O30_tx,0.6952442825091674,2,8,2613.8639000000003,12
P50.O30_tx,0.4977778825161268,2,8,3896.5832499999997,13
P50.O30_tx,0.9422869952179281,2,8,1956.6852000000001,14
P50.O30_tx,0.9431980862173781,2,8,2611.6702,15
P50.O30_tx,0.7162289065759705,2,8,2610.0190000000002,16
P50.O30_tx,0.5360472511663541,2,8,2640.10345,17
P50.O30_tx,0.9349674554034721,2,8,1998.5453,18
P50.O30_tx,0.9510795688739805,2,8,5247.27425,19
P50.O30_tx,0.6843751909405275,2,8,2605.42985,20
P50.O30_tx,0.7969706543090211,2.0,8,2555.2454525000003,avg
P50.O30_tx,0.8067918066981485,10,16,5952.09685,1
P50.O30_tx,0.5983022596330757,10,16,4596.8647,2
P50.O30_tx,0.7970655379095343,10,16,7826.72885,3
P50.O30_tx,0.8328226675219449,10,16,3351.4722999999994,4
P50.O30_tx,0.8034921725043228,10,16,2645.2470000000003,5
P50.O30_tx,0.8175538147042257,10,16,7305.0103500000005,6
P50.O30_tx,0.7930678588197209,10,16,3306.888,7
P50.O30_tx,0.8004135641746376,10,16,5969.418000000001,8
P50.O30_tx,0.7916697034335954,10,16,10465.4007,9
P50.O30_tx,0.7992861668257617,10,16,3298.8252500000003,10
P50.O30_tx,0.8155372413932778,10,16,8608.575,11
P50.O30_tx,0.8179949788019524,10,16,3388.7880000000005,12
P50.O30_tx,0.6125955927226263,10,16,7271.225149999999,13
P50.O30_tx,0.6177226625361205,10,16,2659.29995,14
P50.O30_tx,0.790393928407214,10,16,7322.4030999999995,15
P50.O30_tx,0.7904224212040724,10,16,2655.49505,16
P50.O30_tx,0.8022421616977622,10,16,5254.6836,17
P50.O30_tx,0.8115057866809351,10,16,4330.72465,18
P50.O30_tx,0.7979564267544458,10,16,9671.111,19
P50.O30_tx,0.8047345681907923,10,16,7304.239200000001,20
P50.O30_tx,0.7750785660307085,10.0,16,5659.224835,avg
connect_tx,0.003136438480767648,1,4,235.55055000000002,1
connect_tx,0.0009669822270856682,1,4,380.03355,2
connect_tx,0.007258925778096337,1,4,303.91405,3
connect_tx,0.003784964306449216,1,4,308.48645,4
connect_tx,0.002301426776483825,1,4,315.8075,5
connect_tx,0.00499017581099316,1,4,157.6479,6
connect_tx,0.009461553835968337,1,4,239.5092,7
connect_tx,0.002652338222862676,1,4,157.3822,8
connect_tx,0.003938358789508625,1,4,159.66575,9
connect_tx,0.006897450073849272,1,4,306.7646,10
connect_tx,0.0011764453836198988,1,4,386.09195,11
connect_tx,0.010401810017064328,1,4,233.81165,12
connect_tx,0.004313207154801179,1,4,160.14794999999998,13
connect_tx,0.0010654866588821843,1,4,309.96205,14
connect_tx,0.003697524870601122,1,4,309.5888,15
connect_tx,0.004254793435757947,1,4,227.36589999999998,16
connect_tx,0.0050778875551874365,1,4,310.68205,17
connect_tx,0.0015456386923835249,1,4,230.10255,18
connect_tx,0.0016146006370290971,1,4,381.4498,19
connect_tx,0.009099563011359649,1,4,303.622,20
connect_tx,0.004381778585937557,1.0,4,270.87932250000006,avg
connect_tx,0.0025965424584994626,5,8,424.35465,1
connect_tx,0.006926458748040563,5,8,422.51485,2
connect_tx,0.0038201544072178294,5,8,335.39855,3
connect_tx,0.006668627325203431,5,8,420.9486,4
connect_tx,0.01199654291133499,5,8,253.62995,5
connect_tx,0.00591337317793191,5,8,333.67330000000004,6
connect_tx,0.010353656764701907,5,8,342.77705,7
connect_tx,0.006238734788296899,5,8,337.74075,8
connect_tx,0.00856632276875835,5,8,252.94265000000001,9
connect_tx,0.0029987780161811867,5,8,339.2846,10
connect_tx,0.005151788751690525,5,8,681.9312,11
connect_tx,0.00928084056668545,5,8,251.80835,12
connect_tx,0.00523987794375641,5,8,421.1651,13
connect_tx,0.009584165535136888,5,8,503.66470000000004,14
connect_tx,0.005546154179922007,5,8,510.39135,15
connect_tx,0.005602179377986912,5,8,258.29749999999996,16
connect_tx,0.011454181589834982,5,8,252.69180000000003,17
connect_tx,0.005539421144499587,5,8,332.99415,18
connect_tx,0.0038903532578255314,5,8,425.87014999999997,19
connect_tx,0.004899193028235742,5,8,336.93084999999996,20
connect_tx,0.006613367337087029,5.0,8,371.95050499999996,avg
connect_tx,0.005830776860169036,13,16,487.57515,1
connect_tx,0.010069305759457596,13,16,485.67185000000006,2
connect_tx,0.004544368367031959,13,16,493.7646,3
connect_tx,0.010925441201498685,13,16,390.40825,4
connect_tx,0.00804350566442409,13,16,386.0951,5
connect_tx,0.008880819004156569,13,16,676.44735,6
connect_tx,0.004449060422423674,13,16,881.4755999999999,7
connect_tx,0.008526719689545144,13,16,489.2697,8
connect_tx,0.010751596957166865,13,16,496.71554999999995,9
connect_tx,0.010294396993134747,13,16,491.01685000000003,10
connect_tx,0.007273826858753329,13,16,396.0936,11
connect_tx,0.008313134084865007,13,16,583.0929,12
connect_tx,0.00972638985256898,13,16,689.7151,13
connect_tx,0.008155266479652904,13,16,485.9744,14
connect_tx,0.007519130164454883,13,16,475.45955,15
connect_tx,0.009872613966274703,13,16,487.44245,16
connect_tx,0.012874185059514459,13,16,490.58875000000006,17
connect_tx,0.009239922904846773,13,16,487.08805,18
connect_tx,0.006712587143777391,13,16,388.82675,19
connect_tx,0.01064689949281572,13,16,387.26645,20
connect_tx,0.008632497346326626,13.0,16,507.4994,avg
P0.O30_tx,0.6485353980601526,-2,4,1140.8107,1
P0.O30_tx,0.6563416438125592,-2,4,1024.2998,2
P0.O30_tx,0.4140328798186961,-2,4,2185.5661999999998,3
P0.O30_tx,0.8325841486852708,-2,4,1970.6684500000001,4
P0.O30_tx,0.7805974609277021,-2,4,2299.87805,5
P0.O30_tx,0.8171441673524495,-2,4,1028.41325,6
P0.O30_tx,0.6630482534369541,-2,4,1628.20085,7
P0.O30_tx,0.7834028292299204,-2,4,2381.663,8
P0.O30_tx,0.82721595712363,-2,4,2174.5038,9
P0.O30_tx,0.8232003820787678,-2,4,1500.308,10
P0.O30_tx,0.5936573855893431,-2,4,1098.98315,11
P0.O30_tx,0.8560523974907097,-2,4,1618.025,12
P0.O30_tx,0.8325841486852708,-2,4,1481.7424,13
P0.O30_tx,0.8560523974907098,-2,4,1589.2558,14
P0.O30_tx,0.7805974609277021,-2,4,2296.4387500000003,15
P0.O30_tx,0.6208152320557337,-2,4,1800.9492500000001,16
P0.O30_tx,0.6591058780195752,-2,4,1036.91495,17
P0.O30_tx,0.7007271624839232,-2,4,50747.1212,18
P0.O30_tx,0.6627385132699437,-2,4,1638.5090500000001,19
P0.O30_tx,0.8493679255129176,-2,4,953.46435,20
P0.O30_tx,0.7328900811025966,-2.0,4,4079.785799999999,avg
P0.O30_tx,0.8417888912240058,2,8,1093.17305,1
P0.O30_tx,0.9593885399076937,2,8,2013.7061500000002,2
P0.O30_tx,0.959572443301438,1,8,1508.41445,3
P0.O30_tx,0.9360939367267336,2,8,1504.6387,4
P0.O30_tx,0.9421544363507824,2,8,2023.04705,5
P0.O30_tx,0.856819791384944,2,8,1553.76085,6
P0.O30_tx,0.7335626431051083,2,8,2586.84315,7
P0.O30_tx,0.8578022499653871,2,8,1456.92885,8
P0.O30_tx,0.9487687361888427,2,8,998.0719,9
P0.O30_tx,0.8631918254633032,2,8,2017.5932,10
P0.O30_tx,0.8131878149909363,2,8,1483.4046,11
P0.O30_tx,0.9415326748451462,2,8,2064.8036,12
P0.O30_tx,0.9387179548781674,2,8,2003.18885,13
P0.O30_tx,0.9445001183895413,2,8,2020.3389000000002,14
P0.O30_tx,0.9296774992283467,2,8,2016.65925,15
P0.O30_tx,0.9342650080272852,2,8,999.64695,16
P0.O30_tx,0.7123991386783526,2,8,2376.0069000000003,17
P0.O30_tx,0.8476537776374353,2,8,2686.46325,18
P0.O30_tx,0.8444136995306999,2,8,1509.34615,19
P0.O30_tx,0.9501512910684723,2,8,1012.72625,20
P0.O30_tx,0.8877821235446313,1.95,8,1746.4381024999998,avg
P0.O30_tx,0.8081619337113914,10,16,2590.1571,1
P0.O30_tx,0.8068722468501643,9,16,2127.319,2
P0.O30_tx,0.8071618330404247,10,16,1047.2222,3
P0.O30_tx,0.8041863342315863,10,16,2108.54065,4
P0.O30_tx,0.8321381223523953,10,16,1585.739,5
P0.O30_tx,0.8036450717308726,10,16,1572.58375,6
P0.O30_tx,0.7883061744419384,10,16,3150.43725,7
P0.O30_tx,0.8120405619958149,9,16,2094.0475500000002,8
P0.O30_tx,0.8201555764456887,10,16,1076.2544,9
P0.O30_tx,0.8165582357510068,9,16,1571.71805,10
P0.O30_tx,0.7941798411962362,10,16,2115.80045,11
P0.O30_tx,0.7343237914263826,10,16,2127.9463,12
P0.O30_tx,0.8275822533945979,10,16,2112.2744000000002,13
P0.O30_tx,0.8251229940592595,10,16,1597.73715,14
P0.O30_tx,0.8106864434349054,10,16,1569.217,15
P0.O30_tx,0.7993452365852197,10,16,2635.0459499999997,16
P0.O30_tx,0.825831041724301,10,16,2131.65215,17
P0.O30_tx,0.8242531017902,10,16,1590.9637,18
P0.O30_tx,0.8128291595176476,10,16,2120.0667,19
P0.O30_tx,0.8070975049600472,10,16,2083.5895,20
P0.O30_tx,0.8080238729320041,9.85,16,1950.4156125000002,avg
P0.O0_tx,0.6314061287219674,-2,4,1864.02675,1
P0.O0_tx,0.8290720751007855,-2,4,1118.5658999999998,2
P0.O0_tx,0.8186185913814035,-2,4,1912.9638499999999,3
P0.O0_tx,0.6409523884798868,-2,4,1218.6127000000001,4
P0.O0_tx,0.833082214455652,-2,4,1905.7102,5
P0.O0_tx,0.6065296281805688,-2,4,1930.69795,6
P0.O0_tx,0.6370423314268319,-2,4,1215.05945,7
P0.O0_tx,0.6267893837002187,-2,4,1221.1486499999999,8
P0.O0_tx,0.6453079780759943,-2,4,1197.18055,9
P0.O0_tx,0.6454496134660442,-2,4,1203.03475,10
P0.O0_tx,0.6462030008858765,-2,4,1172.0218499999999,11
P0.O0_tx,0.6455970406521498,-2,4,1202.33455,12
P0.O0_tx,0.6266007304896428,-2,4,1814.6094999999998,13
P0.O0_tx,0.8306267115030119,-2,4,1133.17955,14
P0.O0_tx,0.8267961317254794,-2,4,1172.5676,15
P0.O0_tx,0.6312356219377239,-2,4,1242.1856500000001,16
P0.O0_tx,0.6472029926097234,-2,4,1220.87435,17
P0.O0_tx,0.8390651962997238,-2,4,1269.9392,18
P0.O0_tx,0.6178574297845923,-2,4,1926.3786,19
P0.O0_tx,0.8206960989249247,-2,4,1177.2508,20
P0.O0_tx,0.7023065643901101,-2.0,4,1405.9171199999998,avg
P0.O0_tx,0.954405071744158,2,8,2360.0346,1
P0.O0_tx,0.7360707136516461,2,8,3193.03535,2
P0.O0_tx,0.9338041011557527,2,8,1770.2436500000001,3
P0.O0_tx,0.8625689724723155,2,8,1254.80415,4
P0.O0_tx,0.9387302940173969,2,8,1794.0404,5
P0.O0_tx,0.9450422112315615,2,8,2055.9461,6
P0.O0_tx,0.945023994037612,2,8,1861.5521,7
P0.O0_tx,0.8484528529287718,2,8,1308.77015,8
P0.O0_tx,0.9334625222329049,2,8,1843.5729,9
P0.O0_tx,0.7556765934561529,2,8,7982.9045,10
P0.O0_tx,0.9333069130449801,2,8,1183.09315,11
P0.O0_tx,0.9550134461971154,2,8,2957.0744999999997,12
P0.O0_tx,0.8607144574649426,2,8,3173.8610000000003,13
P0.O0_tx,0.9550319216162906,2,8,2998.8458,14
P0.O0_tx,0.9448159853969406,2,8,2981.8003,15
P0.O0_tx,0.8503234183448626,2,8,1267.8693,16
P0.O0_tx,0.8654515838578009,2,8,4368.423,17
P0.O0_tx,0.9393750253050277,2,8,1788.6719500000002,18
P0.O0_tx,0.7300574520803439,2,8,1949.9118500000002,19
P0.O0_tx,0.9483157792612749,2,8,2966.5807,20
P0.O0_tx,0.8917821654748928,2.0,8,2553.0517725,avg
P0.O0_tx,0.800105044455009,10,16,5431.683050000001,1
P0.O0_tx,0.7908815991993561,10,16,5499.7558,2
P0.O0_tx,0.8064607776163257,10,16,8005.545050000001,3
P0.O0_tx,0.7643564863427142,10,16,11107.76755,4
P0.O0_tx,0.8037459040100772,10,16,3070.79005,5
P0.O0_tx,0.8311907665856553,10,16,4295.98815,6
P0.O0_tx,0.8234169676180974,10,16,11558.7093,7
P0.O0_tx,0.8270115963400421,10,16,8456.48055,8
P0.O0_tx,0.8117830908550097,10,16,4908.574500000001,9
P0.O0_tx,0.7997630553986056,10,16,6144.05835,10
P0.O0_tx,0.812379182457724,10,16,9202.4322,11
P0.O0_tx,0.8157176065935297,10,16,7380.2741,12
P0.O0_tx,0.8191853283349249,10,16,7314.9883,13
P0.O0_tx,0.7661311099453644,10,16,7670.987499999999,14
P0.O0_tx,0.8246271903305588,10,16,6714.6158,15
P0.O0_tx,0.8160658791987503,10,16,11112.22085,16
P0.O0_tx,0.8314580773579131,10,16,6754.530200000001,17
P0.O0_tx,0.8277270732476318,10,16,4888.38155,18
P0.O0_tx,0.8065396087125025,10,16,9152.23165,19
P0.O0_tx,0.8035258691915977,10,16,4268.32045,20
P0.O0_tx,0.8091036106895695,10.0,16,7146.9167474999995,avg
P20.O30_tx,0.5935789375962491,-2,4,2352.63375,1
P20.O30_tx,0.3613356335847852,-2,4,1744.46515,2
P20.O30_tx,0.592187684418497,-2,4,1743.0005,3
P20.O30_tx,0.39159753000695263,-2,4,1836.65895,4
P20.O30_tx,0.36756707554448204,-2,4,1783.2736,5
P20.O30_tx,0.5935789375962491,-2,4,1176.5083,6
P20.O30_tx,0.6993609983649681,-2,4,2378.33235,7
P20.O30_tx,0.37350789843202303,-2,4,1183.4019,8
P20.O30_tx,0.6063293959380075,-2,4,1177.8959499999999,9
P20.O30_tx,0.6045332309695469,-2,4,2343.7672500000003,10
P20.O30_tx,0.6161843428915026,-2,4,1803.50905,11
P20.O30_tx,0.5959739716414727,-2,4,1743.7463,12
P20.O30_tx,0.6045332309695469,-2,4,1755.96805,13
P20.O30_tx,0.5544975794311361,-2,4,1752.6060499999999,14
P20.O30_tx,0.5792327174859025,-2,4,1790.3243,15
P20.O30_tx,0.39706452711236295,-2,4,1786.8468,16
P20.O30_tx,0.3992701859272029,-2,4,1201.3374000000001,17
P20.O30_tx,0.36817588276861685,-2,4,1197.88205,18
P20.O30_tx,0.5821522951941914,-2,4,2349.44825,19
P20.O30_tx,0.594744453886931,-2,4,1763.08385,20
P20.O30_tx,0.5237703254880313,-2.0,4,1743.23449,avg
P20.O30_tx,0.7268664046105481,2,8,1764.2158,1
P20.O30_tx,0.4938024665852962,2,8,2831.4862000000003,2
P20.O30_tx,0.9370224379851233,2,8,2889.3268,3
P20.O30_tx,0.7304546556253697,2,8,1745.6062,4
P20.O30_tx,0.9416193790553096,2,8,2904.72535,5
P20.O30_tx,0.9494575546669837,2,8,2906.19585,6
P20.O30_tx,0.9359960130672651,2,8,2301.82795,7
P20.O30_tx,0.7245264642056358,2,8,1715.7972999999997,8
P20.O30_tx,0.9524371224641228,2,8,2905.29355,9
P20.O30_tx,0.9414617067431272,2,8,3444.68495,10
P20.O30_tx,0.934938965959241,2,8,1744.8208000000002,11
P20.O30_tx,0.9447394780379856,2,8,1714.98065,12
P20.O30_tx,0.9414498906978385,2,8,1159.98755,13
P20.O30_tx,0.9499300590702142,2,8,1152.9947,14
P20.O30_tx,0.9410119850118595,2,8,1154.5652499999999,15
P20.O30_tx,0.9307952694313556,2,8,1730.07025,16
P20.O30_tx,0.9389813121758037,2,8,2331.4728999999998,17
P20.O30_tx,0.7223491365265751,2,8,1737.4470999999999,18
P20.O30_tx,0.4995820144452433,2,8,2800.8917,19
P20.O30_tx,0.7504954947986948,2,8,2300.129,20
P20.O30_tx,0.8443958905581794,2.0,8,2161.8259924999998,avg
P20.O30_tx,0.814426797042814,10,16,1809.3226000000002,1
P20.O30_tx,0.8411907774758653,9,16,2417.12295,2
P20.O30_tx,0.8090396740322867,10,16,2419.86335,3
P20.O30_tx,0.824453048337997,10,16,2994.8194999999996,4
P20.O30_tx,0.8173375056210948,10,16,1816.74145,5
P20.O30_tx,0.8233999762716186,9,16,2406.04725,6
P20.O30_tx,0.8176383037284449,10,16,1796.93,7
P20.O30_tx,0.799600458812384,10,16,2405.8967,8
P20.O30_tx,0.812081437248029,10,16,2399.4961,9
P20.O30_tx,0.8092411833638086,10,16,2422.6169,10
P20.O30_tx,0.8138508691899506,10,16,4124.88345,11
P20.O30_tx,0.8060184841139608,10,16,2956.52875,12
P20.O30_tx,0.8211648662803065,10,16,1812.04845,13
P20.O30_tx,0.8077701718087276,10,16,2383.69815,14
P20.O30_tx,0.8194917132413277,10,16,1817.9087,15
P20.O30_tx,0.8235011855215011,10,16,2399.81095,16
P20.O30_tx,0.8174175596291363,10,16,2405.73755,17
P20.O30_tx,0.8244793422625415,10,16,1802.7540999999999,18
P20.O30_tx,0.7948974917839925,10,16,2415.7371000000003,19
P20.O30_tx,0.8025737675532644,10,16,2994.03755,20
P20.O30_tx,0.8149787306659526,9.9,16,2400.1000774999998,avg
T500k.D20k.L50.P60.O40.C8,skip,skip,skip,+30mins,1
T500k.D20k.L50.P60.O40.C8,skip,skip,skip,+30mins,2
T500k.D20k.L50.P60.O40.C8,skip,skip,skip,+30mins,3
T500k.D20k.L50.P60.O40.C8,skip,skip,skip,+30mins,4
T500k.D20k.L50.P60.O40.C8,skip,skip,skip,+30mins,5
T500k.D20k.L50.P60.O40.C8,skip,skip,skip,+30mins,6
T500k.D20k.L50.P60.O40.C8,skip,skip,skip,+30mins,7
T500k.D20k.L50.P60.O40.C8,skip,skip,skip,+30mins,8
T500k.D20k.L50.P60.O40.C8,skip,skip,skip,+30mins,9
T500k.D20k.L50.P60.O40.C8,skip,skip,skip,+30mins,10
T500k.D20k.L50.P60.O40.C8,skip,skip,skip,+30mins,11
T500k.D20k.L50.P60.O40.C8,skip,skip,skip,+30mins,12
T500k.D20k.L50.P60.O40.C8,skip,skip,skip,+30mins,13
T500k.D20k.L50.P60.O40.C8,skip,skip,skip,+30mins,14
T500k.D20k.L50.P60.O40.C8,skip,skip,skip,+30mins,15
T500k.D20k.L50.P60.O40.C8,skip,skip,skip,+30mins,16
T500k.D20k.L50.P60.O40.C8,skip,skip,skip,+30mins,17
P20.O0_tx,0.3442744186596705,-2,4,1893.6677,1
P20.O0_tx,0.4792676068739764,-2,4,3485.2531,2
P20.O0_tx,0.39009832302979536,-2,4,2032.52165,3
P20.O0_tx,0.5505755976084196,-2,4,2019.1334000000002,4
P20.O0_tx,0.5343887275025785,-2,4,3082.8642,5
P20.O0_tx,0.38916658476172805,-2,4,1941.0957,6
P20.O0_tx,0.7352552778449073,-2,4,1965.4279500000002,7
P20.O0_tx,0.7351452368145103,-2,4,4011.71515,8
P20.O0_tx,0.594400030371413,-2,4,1350.0944,9
P20.O0_tx,0.3594956691250545,-2,4,2009.2720499999998,10
P20.O0_tx,0.5733966194830058,-2,4,1961.3903,11
P20.O0_tx,0.39225105192989235,-2,4,3432.5238,12
P20.O0_tx,0.5770713983915172,-2,4,1874.0593000000001,13
P20.O0_tx,0.40061125222661775,-2,4,2593.62755,14
P20.O0_tx,0.3385813606449905,-2,4,1926.8754000000001,15
P20.O0_tx,0.6187402670897633,-2,4,4479.1066,16
P20.O0_tx,0.5073546023078935,-2,4,2042.2296500000002,17
P20.O0_tx,0.5735459416335152,-2,4,1894.8252499999999,18
P20.O0_tx,0.550733356611562,-2,4,1858.72885,19
P20.O0_tx,0.35040230946562023,-2,4,3836.8794000000003,20
P20.O0_tx,0.49973778161882165,-2.0,4,2484.5645699999995,avg
P20.O0_tx,0.674251805751671,2,8,3642.9808000000003,1
P20.O0_tx,0.9382594613297005,2,8,1856.9369,2
P20.O0_tx,0.7330803303145557,2,8,3121.05895,3
P20.O0_tx,0.6808748247707245,2,8,2440.5308,4
P20.O0_tx,0.735868423557694,2,8,3111.92775,5
P20.O0_tx,0.7416110245914913,2,8,1920.0999500000003,6
P20.O0_tx,0.5258622118496867,2,8,2484.78515,7
P20.O0_tx,0.5530924625165515,2,8,8229.167599999999,8
P20.O0_tx,0.6995600452303974,2,8,3079.4822,9
P20.O0_tx,0.7074989703530361,2,8,2489.0850499999997,10
P20.O0_tx,0.7466210766879192,2,8,1865.203,11
P20.O0_tx,0.7230284996631087,2,8,1868.54785,12
P20.O0_tx,0.7320973382861711,2,8,1251.72115,13
P20.O0_tx,0.5482948305074619,2,8,8816.3775,14
P20.O0_tx,0.9330813589473168,2,8,2449.49635,15
P20.O0_tx,0.5482500017837947,2,8,2514.67835,16
P20.O0_tx,0.6735739468696046,2,8,2482.488,17
P20.O0_tx,0.9442460128926811,2,8,2452.47225,18
P20.O0_tx,0.7506301195482956,2,8,2483.54165,19
P20.O0_tx,0.7275955677978638,2,8,2482.10165,20
P20.O0_tx,0.7158689156624863,2.0,8,3052.134145,avg
P20.O0_tx,0.7909360099853604,10,16,5710.84045,1
P20.O0_tx,0.7949565114606497,10,16,8809.39965,2
P20.O0_tx,0.801837374346836,10,16,11858.195,3
P20.O0_tx,0.803501150787395,10,16,4423.51545,4
P20.O0_tx,0.7983415932684887,10,16,7551.91735,5
P20.O0_tx,0.7866226909522162,10,16,6772.0517,6
P20.O0_tx,0.8021446217428106,10,16,8560.22605,7
P20.O0_tx,0.8096107216458822,10,16,9662.0678,8
P20.O0_tx,0.8184778137762458,10,16,10068.37075,9
P20.O0_tx,0.8195666330691918,10,16,5091.8357,10
P20.O0_tx,0.8029110227834503,10,16,5606.93555,11
P20.O0_tx,0.814578319853946,10,16,3811.21795,12
P20.O0_tx,0.7976687990652085,10,16,9478.42815,13
P20.O0_tx,0.8279927863684966,10,16,10797.273,14
P20.O0_tx,0.8353306360077225,10,16,8933.25015,15
P20.O0_tx,0.8370019006837579,10,16,10176.85915,16
P20.O0_tx,0.8144933529018258,10,16,8172.29265,17
P20.O0_tx,0.7965016275017399,10,16,6822.52995,18
P20.O0_tx,0.808896421050265,10,16,3786.15595,19
P20.O0_tx,0.8185067316739207,10,16,10148.874549999999,20
P20.O0_tx,0.8089938359462703,10.0,16,7812.1118474999985,avg
chessBig_tx,0.021949610796140464,-14,4,31.2253,1
chessBig_tx,0.04122480952930116,-14,4,42.4789,2
chessBig_tx,0.04088885291594977,-14,4,22.23915,3
chessBig_tx,0.028542469212668457,-14,4,43.5925,4
chessBig_tx,0.01906547812976724,-14,4,20.56635,5
chessBig_tx,0.03864837428959003,-14,4,28.730850000000004,6
chessBig_tx,0.013786208312955498,-14,4,21.4901,7
chessBig_tx,0.013983312453211025,-14,4,32.10075,8
chessBig_tx,0.04710887463718048,-14,4,43.011300000000006,9
chessBig_tx,0.04235216650899233,-14,4,21.66315,10
chessBig_tx,0.04399051083556385,-14,4,31.638749999999998,11
chessBig_tx,0.032714113101725284,-14,4,22.0811,12
chessBig_tx,0.04972254496996101,-14,4,30.51435,13
chessBig_tx,0.029317583287499626,-14,4,31.554700000000004,14
chessBig_tx,0.02667718666695153,-14,4,31.7851,15
chessBig_tx,0.05939516469447098,-14,4,20.61,16
chessBig_tx,0.0372247414098369,-14,4,43.1488,17
chessBig_tx,0.02193839599415212,-14,4,41.0315,18
chessBig_tx,0.03490383276711756,-14,4,30.536,19
chessBig_tx,0.04282741614920376,-14,4,30.9332,20
chessBig_tx,0.034313082333111956,-14.0,4,31.046592499999996,avg
chessBig_tx,0.05713200506257867,-10,8,39.1113,1
chessBig_tx,0.04660937077493015,-10,8,41.4519,2
chessBig_tx,0.051436140520051826,-10,8,41.4037,3
chessBig_tx,0.07281146477478485,-10,8,38.50005,4
chessBig_tx,0.06063373489096249,-10,8,40.688,5
chessBig_tx,0.03044647696446962,-10,8,42.13485,6
chessBig_tx,0.06095790610691736,-10,8,55.64105,7
chessBig_tx,0.03583525876245077,-10,8,41.10145,8
chessBig_tx,0.0733112831069803,-10,8,40.652,9
chessBig_tx,0.04081349706672901,-10,8,27.673,10
chessBig_tx,0.052646264964539495,-10,8,55.4109,11
chessBig_tx,0.04302827657855461,-10,8,56.696000000000005,12
chessBig_tx,0.06324447878817861,-10,8,40.452149999999996,13
chessBig_tx,0.03704498219829831,-10,8,40.99545,14
chessBig_tx,0.05831959191264879,-10,8,40.514450000000004,15
chessBig_tx,0.042725761439820494,-10,8,39.99095,16
chessBig_tx,0.05798997044363659,-10,8,39.768100000000004,17
chessBig_tx,0.0686793617216585,-10,8,40.94685,18
chessBig_tx,0.05751555840805282,-10,8,40.33165,19
chessBig_tx,0.05209962554081514,-10,8,29.04265,20
chessBig_tx,0.05316405050135292,-10.0,8,41.625322499999996,avg
chessBig_tx,0.06656202119089345,-2,16,59.56705,1
chessBig_tx,0.07529103879067812,-2,16,98.3243,2
chessBig_tx,0.06971898876676155,-2,16,58.05865,3
chessBig_tx,0.07118884320219215,-2,16,59.3876,4
chessBig_tx,0.07050630977230726,-2,16,58.37025,5
chessBig_tx,0.06694432616307985,-2,16,59.45865,6
chessBig_tx,0.057528230304777564,-2,16,80.2804,7
chessBig_tx,0.07727495844325842,-2,16,42.04105,8
chessBig_tx,0.05406494263618912,-2,16,81.9034,9
chessBig_tx,0.055561777932234005,-2,16,119.9376,10
chessBig_tx,0.07293676431084668,-2,16,59.6583,11
chessBig_tx,0.07130605870659772,-2,16,59.59145,12
chessBig_tx,0.06034438970760547,-2,16,100.2189,13
chessBig_tx,0.051634629234199377,-2,16,59.71765,14
chessBig_tx,0.07611287815998637,-2,16,59.68845,15
chessBig_tx,0.06577183297399758,-2,16,99.1909,16
chessBig_tx,0.06903268247028348,-2,16,62.623549999999994,17
chessBig_tx,0.04092032970867449,-2,16,41.916,18
chessBig_tx,0.06693137486400687,-2,16,80.9062,19
chessBig_tx,0.057895554702558194,-2,16,101.6673,20
chessBig_tx,0.06487639660205638,-2.0,16,72.1253825,avg
pendigits_tx,0.3779250642015429,-6,4,64.51605,1
pendigits_tx,0.40350009120626934,-6,4,44.33265,2
pendigits_tx,0.37182861450049715,-6,4,65.9529,3
pendigits_tx,0.41506153079574215,-6,4,36.58075,4
pendigits_tx,0.4064874584412155,-6,4,73.8655,5
pendigits_tx,0.393821859790176,-6,4,29.37165,6
pendigits_tx,0.3936397657620339,-6,4,67.03905,7
pendigits_tx,0.38564223567589806,-6,4,108.69740000000002,8
pendigits_tx,0.40735102254571937,-6,4,30.486,9
pendigits_tx,0.38711720835806446,-6,4,51.05395,10
pendigits_tx,0.3260994804484327,-6,4,38.55415,11
pendigits_tx,0.3477787732191445,-6,4,30.53045,12
pendigits_tx,0.3517482106875468,-6,4,96.53355,13
pendigits_tx,0.32804822220252944,-6,4,51.112049999999996,14
pendigits_tx,0.376054411871575,-6,4,130.0767,15
pendigits_tx,0.3690641189513165,-6,4,105.20054999999999,16
pendigits_tx,0.37015051857179443,-6,4,36.77425,17
pendigits_tx,0.36039744636465687,-6,4,59.733349999999994,18
pendigits_tx,0.39374223470565106,-6,4,44.1401,19
pendigits_tx,0.3237895228078869,-6,4,44.19185,20
pendigits_tx,0.37446238955538463,-6.0,4,60.437145,avg
pendigits_tx,0.5056061341391801,-2,8,107.71395,1
pendigits_tx,0.4484854046135298,-2,8,58.29695,2
pendigits_tx,0.46864132915757567,-2,8,49.7775,3
pendigits_tx,0.5255630385651657,-2,8,66.7685,4
pendigits_tx,0.46541266788335733,-2,8,76.62004999999999,5
pendigits_tx,0.5409655581009502,-2,8,75.05015,6
pendigits_tx,0.5242257295560929,-2,8,51.259750000000004,7
pendigits_tx,0.5121444549346158,-2,8,170.79770000000002,8
pendigits_tx,0.5119927953086524,-2,8,49.59735,9
pendigits_tx,0.5242851951686242,-2,8,109.84365,10
pendigits_tx,0.49730330197161243,-2,8,85.08365,11
pendigits_tx,0.5093119884866192,-2,8,65.73315,12
pendigits_tx,0.4759503737453816,-2,8,50.1154,13
pendigits_tx,0.5039021707539475,-2,8,49.61205,14
pendigits_tx,0.4906930677844983,-2,8,99.51195,15
pendigits_tx,0.5264294489461336,-2,8,57.9283,16
pendigits_tx,0.5271520221712627,-2,8,102.3278,17
pendigits_tx,0.4773405879663717,-2,8,49.7403,18
pendigits_tx,0.5143273382151452,-2,8,78.25835,19
pendigits_tx,0.5468828886056575,-2,8,67.86075,20
pendigits_tx,0.5048307748037187,-2.0,8,76.0948625,avg
pendigits_tx,0.5106037192230488,6,16,96.39915,1
pendigits_tx,0.534358780204644,6,16,83.76985,2
pendigits_tx,0.5484762000001101,6,16,54.3593,3
pendigits_tx,0.5699834774526211,6,16,86.4114,4
pendigits_tx,0.5338950140249831,6,16,73.71170000000001,5
pendigits_tx,0.568303685672687,6,16,88.33515,6
pendigits_tx,0.5520533021856557,6,16,84.48945,7
pendigits_tx,0.522910444464556,6,16,86.27005,8
pendigits_tx,0.515986566139398,6,16,105.89789999999999,9
pendigits_tx,0.5473053186154907,6,16,104.77395,10
pendigits_tx,0.5771394977968404,6,16,136.83655,11
pendigits_tx,0.534610476946465,6,16,147.961,12
pendigits_tx,0.5745560988027645,6,16,169.87035,13
pendigits_tx,0.5510572082844497,6,16,83.02595000000001,14
pendigits_tx,0.5672825654643436,6,16,93.5381,15
pendigits_tx,0.5963249072951162,6,16,73.339,16
pendigits_tx,0.5453562711507538,6,16,83.9411,17
pendigits_tx,0.5515932986329335,6,16,63.1246,18
pendigits_tx,0.5728225934270403,6,16,93.86675,19
pendigits_tx,0.51440122162362,6,16,74.08815,20
pendigits_tx,0.5494510323703762,6.0,16,94.20047249999999,avg
db36-sep_w2v,skip,skip,skip,+30mins,1
db36-sep_w2v,skip,skip,skip,+30mins,2
db36-sep_w2v,skip,skip,skip,+30mins,3
